,GPU
0,Integrated Graphics
1,Radeon
2,RTX 3050
3,Iris Xe
4,UHD
5,Iris Xe
6,Radeon
7,Iris Xe
8,UHD 620
9,RTX 2050
10,RTX 4050
11,Radeon
12,RTX 4050
13,UHD
14,RTX 4050
15,Iris Xe
16,UHD
17,Iris Xe
18,RTX 4050
19,RTX 2050
20,Iris Xe
21,Iris Xe
22,UHD
23,Radeon
24,Iris Xe
25,UHD
26,Arc
27,GTX 1650
28,RTX 2050
29,UHD
30,Radeon
31,UHD
32,GTX 1650
33,Iris Xe
34,Radeon
35,Radeon
36,UHD
37,UHD
38,UHD
39,RTX 3050
40,GTX 1650
41,UHD
42,UHD
43,UHD 605
44,Iris Xe
45,RTX 3050
46,Iris Xe
47,UHD
48,Iris Xe
49,RTX 3060
50,UHD
51,RTX 3050
52,Iris Xe
53,UHD
54,RTX 3060
55,GTX 1650 Max Q
56,Iris Xe
57,GTX 1650
58,RTX 3050 Ti
59,Integrated
60,UHD
61,Iris Xe
62,"Geforce GTX 1650 GPU, 4 GB"
63,Radeon
64,UHD
65,Radeon Vega 3
66,RTX 2050
67,                                                                                                       
68,Integrated
69,UHD
70,UHD
71,Radeon
72,RTX 3050
73,Integrated
74,RTX 3050
75,Radeon
76,Radeon
77,RTX 3050 Ti
78,"UHD GPU, 128 MB"
79,Iris Xe
80,M1
81,UHD
82,HD 6000
83,GTX 1650
84,RTX 2050
85,UHD 600
86,GTX 1650
87,UHD
88,UHD
89,Integrated
90,GTX 1650
91,UHD
92,Radeon Vega 6
93,Iris Xe
94,Iris Xe
95,GTX 1650
96,M2 Integrated
97,Radeon
98,GTX 1650
99,GTX 1650
100,GTX 1650
101,UHD
102,UHD
103,Radeon
104,Radeon
105,HD 620
106,Iris Xe
107,UHD
108,"Geforce MX150 GPU, 2 GB"
109,UHD
110,Radeon Vega 8
111,Integrated
112,UHD
113,Iris Xe
114,UHD
115,UHD
116,Iris Xe
117,Integrated
118,"Geforce GTX 1650 Max-Q GPU, 4 GB"
119,UHD
120,GTX 1650
121,GTX 1650 Ti
122,UHD
123,GTX 1650
124,Radeon
125,UHD
126,Radeon
127,Radeon
128,UHD
129,Iris Xe
130,Iris Xe
131,UHD
132,Radeon
133,UHD
134,Radeon Vega 8
135,Radeon RX Vega 10
136,Radeon
137,UHD
138,UHD
139,GTX 1650
140,UHD
141,Radeon
142,HD 520
143,Radeon
144,Iris Xe
145,RTX 3050
146,Iris Xe
147,Iris Xe
148,GTX 1650
149,UHD
150,UHD
151,UHD
152,UHD 600
153,UHD
154,"Radeon RX 5500M GPU, 4 GB"
155,UHD Graphics
156,RTX 2050
157,Radeon
158,UHD
159,RTX 2050
160,M1
161,Iris Xe
162,UHD
163,GTX 1650
164,UHD
165,GTX 3050
166,Iris Xe
167,GTX 1650
168,Radeon 610M
169,Iris Xe
170,UHD
171,Iris Xe
172,Radeon
173,"Radeon RX6500M GPU, 4 GB"
174,GTX 1650 MAX Q
175,GeForce RTX 2050
176,HD 500
177,UHD
178,UHD 620
179,UHD
180,Integrated
181,Iris Xe
182,"UHD GPU, 128 MB"
183,GTX 1650
184,Radeon Graphics
185,UHD
186,UHD
187,UHD
188,RTX 3070 Ti
189,Iris Xe
190,UHD
191,GTX 1650
192,Radeon
193,GTX 1650
194,GTX 1650
195,Radeon
196,Radeon
197,GTX 1050
198,Radeon
199,Radeon
200,RTX 4050
201,Iris Xe
202,GTX 1650
203,UHD 600
204,UHD
205,Iris Xe
206,Iris Xe
207,Iris Xe
208,GTX 1650
209,RTX 3050
210,Integrated
211,"Geforce RTX 3050 GPU, 4 GB"
212,GTX 1650 MAX Q
213,UHD
214,RTX 3050
215,RTX 3060
216,Iris Xe
217,RTX 3050
218,UHD
219,Radeon
220,UHD
221,Integrated
222,Iris Xe
223,Iris Xe
224,Radeon
225,UHD
226,Radeon
227,M2
228,RTX 2050
229,Radeon
230,Iris Xe
231,Iris Xe
232,Integrated
233,Radeon
234,Radeon
235,RTX 4050
236,GTX 1650
237,UHD
238,RTX 3050
239,RTX 3050
240,RTX 2050
241,UHD
242,UHD
243,GTX 1650
244,Integrated
245,"Radeon RX 6500M GPU, 4 GB"
246,RTX 3050
247,"Radeon RX 5600M GPU, 6 GB"
248,RTX 3050
249,Integrated
250,Iris Xe
251,Radeon
252,RTX 3050
253,UHD
254,RTX 4050
255,Radeon
256,Iris Xe
257,UHD
258,Integrated
259,Radeon
260,Radeon
261,UHD
262,UHD Graphics
263,UHD
264,Radeon
265,Iris Xe
266,Integrated
267,Radeon
268,Integrated
269,Iris Xe
270,MX450
271,Integrated
272,RTX 3060
273,Iris Xe
274,GTX 1650
275,UHD
276,Iris Xe
277,Iris Xe
278,GTX 1650
279,Iris Xe
280,Iris Xe
281,RTX 4050
282,Integrated
283,Integrated
284,UHD
285,UHD
286,GTX 1650 Ti
287,UHD
288,Iris Xe
289,Iris Xe
290,Radeon Vega 8
291,Iris Xe
292,RTX 3050
293,Radeon
294,UHD
295,Iris Xe
296,Integrated
297,Iris Xe
298,RTX 4060
299,RTX 3050
300,UHD
301,Iris Xe
302,RTX 3050
303,RTX 3060
304,RTX 3050
305,Iris Xe
306,Adreno
307,GTX 1060
308,UHD
309,Radeon
310,Iris Xe
311,MX330
312,RTX 2050
313,Integrated
314,RTX 3050
315,UHD
316,Radeon
317,MX450
318,Radeon R2
319,RTX 2050
320,Radeon
321,UHD
322,Iris X
323,Integrated
324,UHD
325,Iris Xe
326,Iris Xe
327,Radeon Vega 7
328,MX330
329,Iris Xe
330,Radeon
331,UHD
332,RTX 3050
333,Iris Xe
334,Integrated
335,UHD
336,RTX 4050
337,GTX 1650
338,Iris Xe
339,Radeon R4
340,Radeon Graphics
341,Integrated
342,Iris Xe
343,UHD
344,RTX 3050
345,Iris Xe
346,Iris Xe
347,Iris Xe
348,Iris Xe
349,UHD Graphics
350,Iris Xe
351,RTX 2050
352,UHD
353,Iris Xe
354,Radeon
355,UHD
356,RTX 3050
357,Integrated
358,Integrated UHD
359,Iris Xe Graphics
360,UHD
361,RTX 3050
362,"UHD GPU, 128 MB"
363,GTX 1650
364,UHD
365,RTX 4060
366,Iris Plus 655
367,RTX 3050
368,RTX 3050
369,UHD
370,RTX 3050 Ti
371,M2 Integrated
372,Iris Xe
373,UHD
374,RTX 3050
375,RTX 3050
376,Radeon 610M
377,RTX 3050 Ti 
378,Iris Xe
379,Integrated
380,UHD
381,UHD Graphics
382,Iris Xe
383,UHD
384,Radeon
385,Iris Xe
386,UHD
387,Integrated
388,UHD
389,Radeon
390,Radeon Graphics
391,Iris Xe
392,UHD
393,Iris Xe
394,UHD
395,RTX 3050
396,RTX 3050
397,Radeon
398,UHD
399,Iris Xe
400,RTX 4060
401,MX350
402,Iris Xe
403,Radeon
404,Radeon
405,"Radeon RX 6800M GPU, 12 GB"
406,Iris Xe
407,UHD
408,Iris Xe
409,Iris Xe
410,RTX 3050
411,Iris Xe
412,MX450
413,Integrated
414,Integrated
415,Iris Xe
416,UHD
417,Iris Plus
418,RTX 3060
419,UHD
420,Iris Xe
421,UHD
422,Iris Xe
423,Iris Xe
424,RTX 3050 Ti
425,Iris Xe
426,Iris Xe
427,MX250
428,Iris Xe
429,Radeon
430,Integrated
431,Iris Xe
432,RTX 3060
433,Iris Xe Graphics
434,Radeon
435,RTX 3060
436,Radeon
437,UHD
438,Iris Xe
439,Integrated
440,Iris Xe
441,Radeon
442,Radeon
443,UHD
444,UHD
445,UHD
446,Iris Xe
447,UHD
448,UHD
449,RTX 3060
450,UHD
451,UHD
452,Iris Xe
453,RTX 3050
454,Iris Xe
455,UHD
456,Radeon
457,UHD Graphics
458,RTX 4050
459,Iris Xe Graphics
460,RTX 3070
461,RTX 3050
462,RTX 4050
463,Integrated
464,RTX 3050
465,RTX 3050
466,GTX 1650
467,Radeon R5
468,GTX 1050
469,Radeon Vega 7
470,RTX 3050
471,Radeon
472,UHD
473,GTX 3050
474,RTX 3050
475,Iris Xe
476,Radeon
477,UHD
478,Iris Xe
479,Iris Xe
480,MX450
481,UHD 600
482,GeForce RTX 3050
483,Radeon
484,Radeon
485,Iris Xe
486,"MX350 GPU, 2 GB"
487,RTX 4050
488,Iris Xe
489,RTX 3050
490,RTX 3060
491,Iris Xe
492,Radeon
493,RTX 3050
494,Iris Xe
495,Iris Xe
496,Integrated
497,UHD
498,UHD
499,Integrated
500,Iris X
501,Radeon
502,Iris Xe
503,RTX 3050
504,Radeon
505,Iris Xe
506,Iris Xe
507,Radeon
508,RTX 3050 Ti
509,RTX 3050
510,Radeon
511,RTX 3060
512,UHD
513,UHD
514,UHD
515,Radeon
516,MX550
517,Iris Xe
518,RTX 3070
519,Iris Xe
520,Integrated Arm Mali
521,UHD
522,Radeon
523,RTX 3050
524,UHD
525,Iris Xe
526,UHD
527,Radeon Vega 8
528,Iris Xe
529,UHD
530,UHD
531,Integrated
532,Iris Xe
533,Iris Xe
534,Iris Xe
535,RTX 4060
536,Iris Xe
537,Iris Xe
538,UHD
539,Iris Xe
540,Radeon
541,RTX 3060
542,RTX 4050
543,Iris Xe
544,GTX 1650
545,Radeon
546,UHD
547,Radeon
548,UHD
549,RTX 3050 Ti
550,Iris Xe
551,Radeon
552,Iris Xe
553,RTX 3060
554,RTX 3060
555,UHD
556,GTX 1060
557,UHD
558,UHD
559,Integrated
560,RTX 3060
561,RTX 3060
562,Integrated
563,Iris Xe
564,Iris Xe
565,Iris Xe Graphics
566,Integrated Iris Xe
567,Iris Xe
568,Iris Xe
569,RTX 3070 Ti
570,Iris Xe
571,Iris Xe
572,Iris Xe
573,Iris Xe
574,Iris Xe
575,RTX 3060
576,Iris Xe
577,Integrated
578,Integrated
579,Integrated
580,RTX 3050 Ti
581,Iris Xe
582,Integrated
583,RTX 3050
584,RTX 3050
585,RTX 3050
586,"Geforce GTX 1650 Ti GPU, 4 GB"
587,RTX 3060
588,Iris Xe
589,Iris Xe
590,Radeon 610M Vega 2
591,Iris Xe
592,Radeon
593,MX450
594,RTX 4050
595,Iris Xe
596,RTX 3050 Ti
597,UHD
598,RTX 2050
599,UHD
600,RTX 3050
601,Iris Xe Graphics
602,Iris Xe
603,UHD
604,RTX 3050
605,RTX 4050
606,Iris Xe
607,Radeon
608,Radeon
609,Iris Xe
610,UHD
611,Iris Xe
612,Iris Xe
613,Radeon
614,GTX 1650
615,UHD
616,Radeon
617,Iris Xe
618,RTX 3050
619,RTX 3050
620,UHD
621,UHD Graphics
622,Iris Xe
623,Iris Xe
624,GTX 1650
625,Radeon Vega 8
626,Iris Xe
627,UHD
628,Iris Xe
629,RTX 3060
630,Iris Xe
631,RTX 3050 Ti
632,MX350
633,UHD
634,UHD
635,Radeon
636,RTX 3050
637,Integrated
638,RTX 2050
639,18-core GPU
640,UHD Graphics 600
641,UHD
642,MX450
643,UHD
644,UHD
645,UHD
646,Radeon Graphics
647,RTX 4060
648,Radeon
649,UHD
650,Integrated
651,RTX 3050
652,RTX 4050
653,Integrated
654,Integrated
655,MX450
656,UHD
657,Iris Xe
658,Iris Xe
659,Iris Xe
660,Iris Xe
661,Iris Xe
662,Radeon
663,RTX 3070
664,UHD
665,RTX 3050 Ti
666,RTX 3060
667,RTX 3060
668,UHD
669,UHD 620
670,Iris Xe
671,"GEFORCE RTX 3050 Ti GPU, 4 GB"
672,RTX 3050 Ti
673,UHD
674,Iris Xe Graphics
675,Iris Xe
676,Iris Xe
677,Integrated
678,Iris Xe
679,Integrated
680,Iris Xe
681,Iris Xe
682,UHD
683,UHD
684,UHD
685,"Geforce GTX 1650 GPU, 4 GB"
686,"Radeon RX 6700S GPU, 8 GB"
687,UHD
688,UHD
689,Iris Xe
690,RTX 3060
691,Integrated
692,RTX 3050 Ti
693,RTX 3050
694,RTX 2050
695,MX550
696,Iris Xe
697,Iris Xe
698,Integrated
699,M2 Max
700,UHD
701,RTX 3060
702,GTX 1650
703,Radeon
704,RTX 3070
705,RTX 4050
706,Iris Xe
707,Radeon
708,HD
709,Radeon
710,Radeon Vega 8
711,Radeon
712,Radeon
713,Radeon
714,Iris Xe
715,Radeon Vega 8
716,GTX 1650 Ti
717,RTX 3060
718,Iris Xe
719,RTX 3070
720,RTX 3070 Ti
721,Iris Xe
722,Iris Xe
723,Iris Xe
724,UHD 
725,Iris Xe
726,UHD 600
727,Iris Xe
728,Integrated
729,UHD
730,RTX 3050 Ti
731,Integrated
732,RTX 3080
733,Iris Plus
734,RTX 3070 Ti
735,RTX 4050
736,RTX 4050
737,Iris Xe
738,Iris Xe
739,RTX 3060
740,Iris Xe
741,RTX 3050Ti
742,RTX 4050
743,Radeon
744,RTX 3060
745,MX570
746,RTX 3050
747,Iris Xe
748,Iris Xe
749,940MX
750,Radeon
751,RTX 3050
752,Integrated
753,Integrated
754,Integrated
755,RTX 3060
756,RTX 3050
757,GTX 1650
758,UHD
759,Iris Xe
760,GTX 1650
761,"Radeon RX 6700S GPU, 8 "
762,UHD
763,RTX 3050
764,GTX 1650
765,Iris Xe
766,Iris Xe
767,RTX 3060
768,Radeon
769,Iris Xe
770,Radeon
771,RTX 3050 Ti
772,Radeon
773,RTX 4060
774,RTX 3060
775,Integrated
776,UHD
777,"Geforce GTX 1650 Ti GPU, 4 GB"
778,Radeon
779,Integrated
780,Iris Xe
781,RTX 3060
782,Iris Xe
783,RTX 2050
784,RTX 3050 Ti
785,RTX 4060
786,RTX 4050
787,RTX 4060
788,RTX 4080
789,HD 620
790,GTX 1650Ti
791,Iris Xe
792,UHD
793,Radeon
794,Iris Xe
795,Iris Xe
796,Iris Xe
797,Intel Iris Xe
798,RTX 3070 Ti
799,Iris Xe
800,Iris Xe
801,Integrated
802,RTX 3060
803,UHD
804,Radeon
805,Iris Xe
806,Iris Xe
807,GTX 1650
808,RTX 4070
809,Iris Xe
810,UHD
811,Integrated
812,HD
813,GeForce MX250
814,GTX 1650
815,RTX 3050
816,Iris Xe
817,RTX 2070
818,UHD
819,UHD
820,HD 615
821,UHD
822,UHD
823,MX550 
824,Radeon
825,RTX 2050
826,Iris Xe
827,Radeon
828,UHD
829,N16V-GMR1
830,UHD
831,Radeon
832,UHD
833,UHD
834,UHD
835,UHD
836,UHD
837,"Arc A370M GPU, 4 GB"
838,UHD
839,RTX 3050
840,Iris Xe
841,Iris Xe
842,RTX 3050 Ti
843,Iris Xe
844,RTX 3050
845,RTX 2050
846,UHD
847,RTX 2050
848,RTX 2050
849,RTX 2050
850,Radeon
851,UHD
852,Integrated
853,Radeon 610M
854,Iris Xe
855,UHD
856,Iris Xe
857,UHD
858,RTX 3050
859,Iris Xe
860,UMA
861,RTX 3050
862,UHD
863,RTX 3050
864,UHD
865,RTX 4050
866,RTX 2050
867,RTX 3050
868,Iris Xe
869,RTX 2050
870,"Radeon RX6550M GPU, 4 GB"
871,Radeon 610M
872,UHD
873,Iris Xe
874,RTX 4060
875,UHD
876,RTX 4060
877,Radeon
878,UHD
879,RTX 2050
880,RTX 3050
881,Integrated
882,Iris Xe
883,RTX 4060
884,RTX 3050
885,RTX 4060
886,Iris Xe
887,UHD
888,RTX 3070 Ti
889,Radeon
890,Radeon
891,Radeon
892,RTX 3060
893,Integrated
894,RTX 2050
895,"Geforce GTX 1650 Ti GPU, 4 GB"
896,RTX 3070 Ti
897,UHD
898,Arc
899,RTX 4080
900,Radeon
901,Iris Xe
902,RTX 3050
903,RTX 4060
904,Arc
905,RTX 3050
906,Radeon
907,UHD
908,RTX 4050
909,UHD
910,Radeon
911,RTX 3050
912,RTX 4050
913,"Radeon RX 6500M GPU, 4 GB"
914,UHD
915,RTX 3050
916,Iris Xe
917,RTX 3080
918,RTX 3070 Ti
919,UHD
920,RTX 3080
921,RTX 3080 Ti
922,UHD
923,GTX 1650
924,RTX 3050
925,Arc
926,Arc
927,RTX 4060
928,RTX 3050
929,Iris Xe
930,RTX 4060
931,"Radeon GPU, 6 GB"
932,RTX 3080
933,RTX 4060
934,RTX 3060
935,Integrated
936,Integrated
937,"Radeon 680M GPU, 6 GB"
938,Arc
939,RTX 3050 Ti
940,Radeon
941,RTX 3050 Ti
942,RTX 4090
943,Radeon
944,RTX 4050
945,Iris Xe
946,Radeon
947,RTX 4060
948,RTX 2050
949,Iris Xe
950,18-core GPU
951,RTX 4090
952,RTX 3060
953,"Arc A370M GPU, 4 GB"
954,Radeon
955,RTX 3080 Ti
956,RTX 4050
957,Integrated
958,RTX 3070 Ti
959,RTX 3050 Ti
960,RTX 3050 Ti
961,Integrated
962,UHD Graphics
963,RTX 3080 Ti
964,Integrated
965,Radeon
966,RTX 4050
967,RTX 4060
968,Arc
969,RTX 4060
970,Arc
971,Radeon 780M
972,Integrated
973,Integrated
974,RTX 4060
975,RTX 4050
976,Iris Xe
977,RTX 4060
978,Iris Xe
979,Iris Xe
980,RTX 3050
981,Arc
982,RTX 2050
983,RTX 2050
984,Iris Xe
985,Radeon
986,Iris Xe
987,UHD
988,Iris Xe
989,Iris Xe
990,Arc
991,RTX 4060
992,UHD
993,Radeon
994,RTX 4050
995,UHD
996,Radeon 610M
997,Iris Xe
998,RTX 2050
999,RTX 3050
1000,Integrated
1001,Integrated
1002,UHD
1003,RTX 2050
1004,Arc
1005,RTX 2050
1006,Iris Xe
1007,Arc
1008,nan
1009,Arc
1010,Arc
1011,Iris Xe
1012,Arc
1013,Radeon
1014,Arc
1015,Arc
1016,Arc
1017,UHD
1018,Arc
1019,Integrated
1020,RTX 4070
1021,UHD
1022,Radeon
1023,Radeon
1024,RTX 4050
1025,RTX 4050
1026,RTX 2050
1027,UHD
1028,RTX 4080
1029,RTX 4050
1030,RTX 2050
1031,Integrated
1032,RTX 2050
1033,RTX 4070
1034,RTX 4070
1035,RTX 3050
1036,Arc
1037,RTX 3050
1038,RTX 3050
1039,Iris Xe
1040,RTX 4050
1041,RTX 3050
1042,RTX 3050
1043,RTX 2050
1044,RTX 2050
1045,RTX 2050
1046,RTX 2050
1047,RTX 3050
1048,Iris Xe
1049,RTX 4050
1050,Arc
1051,RTX 4060
1052,nan
1053,RTX 4050
1054,Radeon
1055,RTX 4070
1056,RTX 4060
1057,RTX 4070
1058,RTX 4070
1059,Radeon
1060,UHD
1061,RTX 3050
1062,Iris Xe
1063,Radeon
1064,Iris Xe
1065,UHD
1066,Arc
1067,RTX 4060
1068,RTX 4090
1069,RTX 4090
1070,RTX 4070
1071,Iris Xe
1072,Radeon 760M
1073,RTX 3050
1074,RTX 4070
1075,Radeon
1076,Arc
1077,RTX 2050
1078,UHD
1079,Arc
1080,RTX 4070
1081,Arc
1082,RTX 4050
1083,Iris Xe
1084,RTX 3050
1085,Iris Xe
1086,RTX 4060
1087,RTX 4050
1088,RTX 2050
1089,RTX 3050
1090,Iris Xe
1091,RTX 4060
1092,RTX 4050
1093,Iris Xe
1094,UHD
1095,RTX 4060
1096,RTX 4080
1097,RTX 4060
1098,UHD
1099,RTX 4070
1100,RTX 4070
1101,Radeon
1102,UHD
1103,Arc
1104,UHD
1105,UHD
1106,UHD
1107,RTX 4070
1108,RTX 4060
1109,Arc
1110,Arc
1111,Integrated
1112,Integrated
1113,RTX 4060
1114,RTX 4070
1115,Radeon
1116,RTX 4080
1117,nan
1118,UHD
1119,UHD
1120,"RTX A500 GPU, 4 GB"
1121,UHD
1122,Integrated Arc
1123,UHD
1124,UHD
1125,Radeon
1126,RTX 3050
1127,Radeon 680M
1128,Iris Xe
1129,Integrated
1130,RTX 2050
1131,Integrated
1132,Radeon
1133,Integrated
1134,Graphics
1135,Iris Xe
1136,Arc
1137,RTX 4050
1138,UHD
1139,UHD
1140,Radeon
1141,UHD 600
1142,Arc
1143,Radeon
1144,Iris Xe
1145,UHD
1146,Arc
1147,RTX 2050
1148,RTX 3050
1149,RTX 4090
1150,UHD
1151,RTX 4070
1152,RTX 4090
1153,RTX 4050
1154,Radeon
1155,RTX 3050
1156,Radeon
1157,RTX 4050
1158,RTX 4050
1159,Iris Xe
1160,RTX 4070
1161,GTX 1650
1162,Iris Xe
1163,Iris Xe
1164,Iris Xe
1165,RTX 4050
1166,Integrated
1167,Radeon
1168,Radeon 610M
1169,RTX 2050
1170,RTX 3050
1171,Iris Xe
1172,Iris Xe
1173,RTX 2050
1174,RTX 4050
1175,Integrated
1176,Radeon
1177,UHD
1178,Iris Xe
1179,Integrated
1180,RTX 4060
1181,Iris Xe
1182,UHD
1183,RTX 4050
1184,RTX 4060
1185,UHD
1186,Iris Xe
1187,Iris Xe
1188,RTX 4060
1189,Radeon
1190,RTX 3050
1191,UHD
1192,RTX 3050
1193,RTX 4060
1194,Radeon 610M
1195,UHD
1196,RTX 4050
1197,Radeon
1198,RTX 3050
1199,Integrated
1200,RTX 4060
1201,RTX 3050
1202,RTX 4050
1203,RTX 4050
1204,Iris Xe
1205,UHD
1206,Iris Xe
1207,Iris Xe
1208,RTX 2050
1209,UHD
1210,Iris Xe
1211,Radeon
1212,UHD
1213,RTX 3050
1214,RTX 4070
1215,Iris Xe
1216,RTX 4050
1217,Iris Xe
1218,UHD
1219,RTX 3050 Ti
1220,Iris Xe
1221,Iris Xe
1222,Iris Xe
1223,"Arc A370M GPU, 4 GB"
1224,RTX 3050 Ti
1225,Integrated
1226,GeForce RTX 4070
1227,Iris Xe
1228,Radeon
1229,Iris Xe
1230,Radeon
1231,Integrated
1232,Radeon
1233,Radeon
1234,Integrated
1235,RTX 3080 Ti
1236,Integrated
1237,Iris Xe
1238,UHD
1239,GTX 1650
1240,MX450
1241,Radeon
1242,Iris Xe
1243,Radeon
1244,Radeon
1245,Iris Xe
1246,UHD
1247,Iris Xe
1248,HD 520
1249,RTX 3070 Ti
1250,Radeon
1251,RTX 3050
1252,UHD
1253,RTX 3050
1254,"T1200 GPU, 4 GB"
1255,RTX 3060
1256,RTX 2080
1257,RTX 3070 Ti
1258,Radeon
1259,RTX 2080
1260,GTX 1650
1261,Integrated
1262,"Quadro T2000  GPU, 4 GB"
1263,RTX 3050
1264,UHD
1265,Integrated HD
1266,Iris Xe
1267,RTX 3070
1268,Radeon
1269,RTX 3050
1270,RTX 3050 Ti
1271,RTX 3050 Ti
1272,Radeon Vega 6
1273,Radeon
1274,UHD Graphics 620
1275,Iris Xe
1276,RTX 3060
1277,RTX 3060
1278,"Geoforce RTX3050 GPU, 4 GB"
1279,UHD
1280,Iris Xe
1281,GTX 1650
1282,Radeon Vega 8
1283,RTX 3060
1284,UHD
1285,RTX 3060
1286,UHD
1287,"Quadro T50 GPU, 4 GB"
1288,UHD
1289,GTX 1650
1290,GTX 1650
1291,Radeon
1292,GTX 1650
1293,UHD
1294,UHD
1295,UHD
1296,Radeon
1297,UHD
1298,GTX 1650
1299,GTX 1650
1300,Iris Xe
1301,Iris Xe
1302,RTX 3050
1303,Integrated
1304,RTX 4050
1305,UHD
1306,RTX 3050
1307,"Radeon RX 6700S GPU, 8 GB"
1308,Iris Xe
1309,RTX 4050
1310,Iris Xe
1311,MX330
1312,Integrated
1313,Iris Xe
1314,RTX 3050 Ti
1315,Iris Xe
1316,Iris Xe
1317,Iris Xe
1318,RTX 3050
1319,Radeon
1320,Iris Xe
1321,"RTX 3050 Ti GPU, 4 GB"
1322,RTX 3060
1323,P620
1324,Iris Xe
1325,RTX 3050 Ti
1326,Integrated
1327,UHD
1328,HD 620
1329,UHD 620
1330,Integrated
1331,MX250
1332,Radeon
1333,Iris Xe
1334,UHD
1335,Radeon
1336,RTX 3050
1337,"Quadro T1200 GPU, 4 GB"
1338,UHD
1339,RTX 3060
1340,Iris Xe
1341,"Radeon RX 6700S GPU, 8 GB"
1342,Radeon
1343,UHD 605
1344,Iris Xe
1345,RTX 3070 Ti
1346,UHD
1347,UHD
1348,RTX 3050
1349,UHD 617
1350,MX250
1351,Radeon
1352,Radeon R5
1353,"Geforce MX250 GPU, 2 GB"
1354,GT 940MX
1355,UHD 617
1356,UHD 617
1357,"Geforce GTX 1050Ti GPU, 4 GB"
1358,UHD 617
1359,UHD 617
1360,RTX 3060
1361,UHD
1362,"Geforce MX150 GPU, 4 GB"
1363,UHD
1364,MX350
1365,UHD
1366,UHD
1367,HD 620
1368,RTX 3050
1369,HD 520
1370,UHD
1371,GTX 1050 Ti 
1372,GTX 1050Ti
1373,MX250
1374,"Geforce GTX 1060 GPU, 6 GB"
1375,"Geforce GTX 1650 Ti GPU, 4 GB"
1376,Radeon Vega 8
1377,UHD
1378,"Geforce RTX 3050 GPU, 4 GB"
1379,"Geforce GTX 1650 Ti GPU, 6 GB"
1380,HD 520
1381,GTX 1050
1382,Radeon R5
1383,Iris Xe
1384,UHD 620
1385,"Geforce GTX 1650 GPU, 4 GB"
1386,MX250
1387,UHD
1388,Radeon RX Vega 8
1389,UHD 620
1390,GTX 1650
1391,UHD
1392,HD 405
1393,Radeon Vega 8
1394,UHD
1395,"Geforce MX150 GPU, 2 GB"
1396,940MX
1397,Iris Xe
1398,UHD 620
1399,Iris Xe
1400,GTX 1060
1401,HD 620
1402,"Radeon R16M-M1-30 GPU, 2 GB"
1403,GTX 1050T
1404,HD 620
1405,GTX 1050
1406,HD 520
1407,GT 940MX
1408,UHD
1409,"Radeon 520 GPU, 2 GB"
1410,MX130
1411,HD 620
1412,Iris Xe
1413,"Geforce MX250 GPU, 2 GB"
1414,HD 400
1415,MX250
1416,"Radeon 530 GPU, 2 GB"
1417,UHD 620
1418,MX250
1419,RTX 3050 Ti
1420,HD 620
1421,GTX 1050
1422,"Geforce GTX 1650Ti GPU, 6 GB"
1423,"R17M-M1-70 GPU, 2 GB"
1424,HD 615
1425,"Geforce MX130 GPU, 2 GB"
1426,UHD 620
1427,UHD
1428,RTX 4050
1429,Radeon Vega 3
1430,"Geforce GTX 1650 Ti GPU, 4 GB"
1431,UHD 620
1432,RTX 3060
1433,HD 520
1434,RTX 3050
1435,Radeon
1436,MX150
1437,"Radeon HD 520 GPU, 2 GB"
1438,UHD
1439,GTX 1050Ti
1440,UHD
1441,HD 620
1442,HD 615
1443,UHD
1444,"Geforce GTX 1650 GPU, 4 GB"
1445,UHD 605
1446,GTX 1660 Ti
1447,HD 620
1448,HD 6000
1449,920MX
1450,HD 400
1451,MX250
1452,UHD
1453,Radeon Vega 3
1454,HD 620
1455,HD 620
1456,HD 620
1457,MX150
1458,HD 405
1459,HD 620
1460,UHD
1461,HD 610
1462,UHD
1463,HD 400
1464,UHD
1465,HD 620
1466,Radeon R5
1467,UHD
1468,HD 520
1469,"Radeon HD 8210 GPU, 2 GB"
1470,GTX 1050Ti
1471,Radeon R4
1472,"Geforce GTX 1050Ti GPU, 8 GB"
1473,UHD
1474,Radeon Vega 3
1475,GTX 1650 Max Q
1476,Radeon R4
1477,UHD
1478,Radeon
1479,"Radeon 520 GPU, 2 GB"
1480,UHD 605
1481,"Radeon RX 560X GPU, 4 GB"
1482,Radeon Vega 8
1483,UHD
1484,"Radeon 520 GPU, 2 GB"
1485,"Radeon RX 560X GPU, 4 GB"
1486,Radeon
1487,Integrated UHD
1488,Radeon R4
1489,UHD 605
1490,UHD
1491,HD 505
1492,UHD
1493,HD 405
1494,Radeon
1495,Radeon R4
1496,GTX 1650
1497,Iris Xe
1498,Radeon Vega 8
1499,UHD
1500,UHD
1501,UHD
1502,UHD
1503,HD
1504,GTX 1650
1505,Iris Xe
1506,Integrated
1507,Iris Xe
1508,UHD
1509,HD 620
1510,GTX 1650
1511,UHD
1512,HD 520
1513,HD 520
1514,GTX 1050
1515,RTX 3060
1516,"Geforce GTX 1050 GPU, 3 GB"
1517,UHD
1518,UHD
1519,HD 620
1520,HD 520
1521,Radeon R3
1522,Integrated
1523,GTX 1050
1524,HD
1525,Radeon R2
1526,HD
1527,Radeon Vega 3
1528,Iris Xe
1529,UHD
1530,GTX 1650 Ti
1531,"Geforce GTX 1650 Ti GPU, 4 GB"
1532,HD 620
1533,UHD
1534,GTX 1050
1535,UHD 600
1536,Radeon
1537,HD 400
1538,UHD
1539,UHD
1540,"Geforce GTX 1050 Ti GPU, 4 GB"
1541,Radeon R2
1542,UHD
1543,UHD
1544,"Geforce GTX 1650 Ti GPU, 4 GB"
1545,"Geforce RTX 2060 GPU, 6 GB"
1546,HD 620
1547,Radeon
1548,Radeon R5
1549,UHD 620
1550,HD 520
1551,Radeon R3
1552,UHD
1553,GTX 1050
1554,GTX 1650
1555,GTX 1650
1556,UHD
1557,M1 Integrated
1558,HD
1559,"Geforce GTX 1050 Ti GPU, 4 GB"
1560,Radeon R5
1561,"Geforce 940MX GPU, 4 GB"
1562,"Geforce GTX 1650 GPU, 4 GB"
1563,UHD 600
1564,Radeon
1565,Radeon
1566,Radeon Vega 8
1567,Radeon
1568,HD 520
1569,HD 620
1570,"Geforce GTX 1660 Ti GPU, 6 GB"
1571,HD 500
1572,RTX 3050
1573,MX150
1574,MX150
1575,UHD 617
1576,UHD
1577,"Geforce MX150 GPU, 2 GB"
1578,GTX 1660 Ti
1579,UHD 620
1580,"Geforce GTX 1650 GPU, 4 GB"
1581,HD 620
1582,UHD
1583,RTX 3050
1584,Iris Plus
1585,Iris Xe
1586,Iris Xe
1587,MX330
1588,GTX 1050
1589,"Geforce GTX 1650 GPU, 4 GB"
1590,HD 505
1591,GTX 1050
1592,Radeon Vega 3
1593,HD 520
1594,Iris Xe
1595,"Geforce MX350 GPU, 2 GB"
1596,GTX 1060
1597,HD 620
1598,HD
1599,GTX 1650
1600,GTX 1650
1601,Radeon
1602,GTX 1050Ti
1603,Iris X
1604,GTX 1650
1605,Radeon R4
1606,Radeon
1607,"Radeon 520 GPU, 2 GB"
1608,MX110
1609,UHD
1610,UHD
1611,Radeon Vega
1612,GTX 1650
1613,"Geforce GTX 1650 GPU, 4 GB"
1614,Radeon
1615,Radeon Vega 8
1616,"Geforce RTX 2060 GPU, 6 GB"
1617,GTX 1650
1618,"Radeon 520 GPU, 2 GB"
1619,HD 620
1620,HD 620
1621,UHD
1622,Radeon R4
1623,Radeon R4
1624,UHD
1625,HD 5500
1626,HD 520
1627,Iris Xe
1628,GTX 1050
1629,Iris X
1630,HD 500
1631,GTX 1650 Ti
1632,Radeon Vega 8
1633,UHD
1634,UHD
1635,"Radeon RX 5500M GPU, 4 GB"
1636,GTX 1050
1637,HD 620
1638,UHD
1639,UHD 620
1640,"Radeon R5 M430 GPU, 2 GB"
1641,UHD
1642,MX110
1643,GTX 1650
1644,HD 520
1645,GTX 1060
1646,UHD 620
1647,Radeon
1648,UHD
1649,Radeon
1650,HD 505
1651,UHD 600
1652,GTX 1050 Ti
1653,HD 610
1654,HD 520
1655,GTX 1650
1656,UHD
1657,"Radeon RX 560X GPU, 4 GB"
1658,Integrated UHD
1659,UHD 620
1660,"Geforce GTX 1660 Ti GPU, 6 GB"
1661,"Geforce MX130 GPU, 2 GB"
1662,"Geforce MX330 GPU, 2 GB"
1663,GTX 1650
1664,HD 620
1665,Radeon
1666,MX150
1667,RTX 3050
1668,MX150
1669,UHD 620
1670,UHD
1671,UHD
1672,UHD
1673,HD 400
1674,Radeon Vega 8
1675,UHD 620
1676,Radeon Vega 8
1677,UHD 620
1678,UHD
1679,UHD 620
1680,UHD
1681,Radeon
1682,Radeon Vega 8
1683,UHD 600
1684,HD 520
1685,UHD 620
1686,UHD 617
1687,HD 520
1688,UHD 600
1689,UHD
1690,Radeon
1691,Iris Plus
1692,HD 520
1693,Integrated
1694,UHD
1695,"Geforce GTX 1650 GPU, 4 GB"
1696,940MX 
1697,HD 620
1698,HD 620
1699,"Radeon R5 M430 GPU, 2 GB"
1700,HD 620
1701,Radeon
1702,UHD 620
1703,UHD 620
1704,Radeon R2
1705,Radeon
1706,"Geforce GTX 1050 GPU, 2 GB"
1707,Iris Xe
1708,RTX 3050
1709,UHD
1710,GTX 1650
1711,UHD
1712,HD 520
1713,UHD 617
1714,Iris Xe
1715,GTX 1650
1716,Iris Xe
1717,Iris Xe
1718,"Geforce GTX 1650 GPU, 4 GB"
1719,GTX 1650
1720,UHD
1721,Radeon Vega 6
1722,UHD
1723,UHD
1724,UHD
1725,MX130
1726,"Geforce GTX 1050Ti GPU, 4 GB"
1727,UHD 617
1728,Radeon
1729,UHD
1730,GTX 1050
1731,HD 520
1732,HD 620
1733,"Geforce GTX 1050Ti GPU, 4 GB"
1734,RTX 3050
1735,GTX 1060
1736,HD 620
1737,"Radeon 520 GPU, 2 GB"
1738,UHD 620
1739,Radeon Vega
1740,"Geforce MX330 GPU, 2 GB"
1741,Radeon R2
1742,RTX 3050
1743,UHD 620
1744,UHD 620
1745,"Geforce GTX 1650 GPU, 4 GB"
1746,"Geforce RTX 2070 GPU, 8 GB"
1747,940MX
1748,Iris Xe
1749,UHD
1750,UHD 620
1751,Iris Xe
1752,RTX 3060
1753,GTX 1650 Ti
1754,HD 610
1755,HD Graphics
1756,HD 620
1757,Iris Xe
1758,UHD 620
1759,HD 620
1760,UHD
1761,Radeon Vega 8
1762,GTX 1650
1763,UHD
1764,UHD 620
1765,"Radeon RX 6800M GPU, 12 GB"
1766,UHD
1767,UHD
1768,MX110
1769,UHD 620
1770,"Geforce GTX 1650 GPU, 4 GB"
1771,GTX 1050
1772,HD 520
1773,UHD 620
1774,UHD
1775,Radeon Vega 3
1776,Radeon Vega 8
1777,UHD
1778,HD 620
1779,MX250
1780,UHD 600
1781,Iris Plus
1782,UHD
1783,Radeon
1784,Radeon Vega 8
1785,UHD
1786,Iris Xe
1787,"GeForce GPU, 2 GB"
1788,HD 620
1789,RTX 3050 Ti
1790,RTX 4050
1791,UHD
1792,UHD 620
1793,GTX 1650
1794,Radeon Vega
1795,RTX 3060
1796,"Radeon R5 M430  GPU, 2 GB"
1797,Iris Xe
1798,GTX 1050
1799,GTX 1050
1800,Iris Plus
1801,Radeon R2
1802,HD 520
1803,"Radeon 520 GPU, 2 GB"
1804,"Geforce GTX 1050Ti GPU, 4 GB"
1805,"Radeon R5 M430 GPU, 2 GB"
1806,UHD
1807,HD 620
1808,UHD 620
1809,UHD
1810,HD 520
1811,Radeon
1812,UHD 620
1813,UHD 620
1814,UHD
1815,"Geforce GTX 1660 Ti GPU, 6 GB"
1816,UHD 620
1817,UHD 620
1818,HD 620
1819,RTX 3050
1820,MX150
1821,UHD
1822,UHD
1823,UHD
1824,Radeon
1825,Iris Xe
1826,"Radeon RX 560X GPU, 4 GB"
1827,UHD
1828,Iris Xe
1829,Iris Xe
1830,Iris Xe
1831,Radeon
1832,Iris Xe
1833,UHD
1834,Radeon Vega 8
1835,Radeon
1836,Radeon
1837,Radeon RX 5500M
1838,UHD
1839,UHD
1840,Iris Xe
1841,UHD
1842,UHD
1843,Iris Xe
1844,Radeon
1845,Radeon
1846,GTX 1650 Ti
1847,GTX 1650
1848,UHD
1849,UHD
1850,"Radeon 520 GPU, 2 GB"
1851,RTX 3050
1852,UHD
1853,UHD 620
1854,RTX 3050
1855,Iris Xe
1856,UHD 600
1857,UHD
1858,GTX 1650
1859,UHD Graphics
1860,"Geforce GTX 1650 GPU, 4 GB"
1861,GTX 1650
1862,UHD
1863,Iris Xe
1864,GTX 1650
1865,Iris Xe
1866,UHD
1867,Iris Xe
1868,Iris Xe
1869,RTX 2050
1870,Radeon
1871,"Radeon RX 6500M  GPU, 4 GB"
1872,RTX 2050
1873,Iris Xe
1874,Radeon RX Vega 10
1875,RTX 3050
1876,UHD
1877,Radeon
1878,GTX 1650
1879,UHD
1880,UHD
1881,GTX 1650
1882,UHD
1883,Radeon
1884,Iris Xe
1885,UHD
1886,Iris Xe
1887,HD 500
1888,RTX 3050
1889,Radeon
1890,UHD
1891,Radeon
1892,Iris Xe
1893,Iris Xe
1894,UHD
1895,GTX 1650
1896,UHD
1897,UHD
1898,Iris Xe
1899,UHD
1900,Radeon Vega 7
1901,Radeon Vega 8
1902,Radeon Graphics
1903,UHD
1904,UHD
1905,UHD
1906,Integrated
1907,UHD
1908,UHD
1909,UHD
1910,Radeon R4
1911,Radeon
1912,UHD
1913,GTX 1650
1914,RTX 3050
1915,RTX 3050
1916,RTX 2050
1917,UHD
1918,Integrated
1919,HD 500
1920,Iris Xe
1921,UHD
1922,RTX 3050 Ti
1923,GTX 1650
1924,UHD 600
1925,Iris X
1926,Iris X
1927,UHD
1928,UHD
1929,Iris Xe
1930,RTX 3060
1931,Integrated
1932,"Geforce GTX 1650 GPU, 4 GB"
1933,UHD
1934,Iris Xe
1935,GTX 1650
1936,Iris X
1937,UHD
1938,Iris Xe
1939,UHD
1940,Radeon
1941,RTX 2050
1942,Integrated
1943,Iris Xe
1944,M2
1945,RTX 3050
1946,Iris Xe
1947,UHD
1948,Integrated
1949,RTX 3050 Ti
1950,UHD
1951,UHD
1952,Iris Xe
1953,Iris Xe
1954,Iris Xe
1955,Radeon
1956,Iris Xe
1957,UHD
1958,GTX 1650
1959,RTX 3050
1960,RTX 3050
1961,Radeon
1962,RTX 3050
1963,Radeon Vega
1964,RTX 2050
1965,"RTX 3050 GPU, 4 GB"
1966,Radeon
1967,Integrated
1968,RTX 4050
1969,Radeon Vega 8 Mobile
1970,RTX 3050
1971,Integrated
1972,M2
1973,Radeon
1974,RTX 3060
1975,UHD
1976,RTX 4060
1977,UHD
1978,M2
1979,Iris Xe
1980,M2
1981,M2
1982,M2
1983,M2
1984,RTX 3050
1985,UHD
1986,RTX 3050
1987,Integrated
1988,GTX 1650
1989,Iris Xe
1990,UHD
1991,Integrated
1992,Radeon
1993,Iris Xe
1994,UHD
1995,RTX 3050
1996,Iris Xe
1997,UHD
1998,RTX 3050
1999,UHD
2000,RTX 3050
2001,Integrated
2002,UHD
2003,Radeon
2004,RTX 2050
2005,Radeon
2006,Iris Xe
2007,RTX 2050
2008,RTX 2050
2009,UHD
2010,GTX 1650
2011,UHD
2012,UHD
2013,RTX 3060
2014,Integrated
2015,UHD
2016,Iris Xe
2017,Iris Xe
2018,Integrated
2019,UHD
2020,Iris Xe
2021,RTX 3050
2022,"Radeon RX 6500M GPU, 4 GB"
2023,RTX 1650
2024,RTX 3050
2025,UHD
2026,Iris Xe
2027,Iris Xe
2028,UHD
2029,Integrated
2030,Iris Xe
2031,Integrated
2032,UHD
2033,Iris Xe
2034,RTX 4060
2035,UHD
2036,RTX 2050
2037,Iris Xe
2038,UHD
2039,Radeon
2040,RTX 3050
2041,UHD
2042,HD Graphics
2043,RTX 2050
2044,Radeon
2045,UHD
2046,Iris Xe
2047,UHD
2048,MX450
2049,UHD
2050,RTX 3050
2051,Radeon
2052,Iris Xe
2053,MX 450
2054,Integrated
2055,GeForce MX550
2056,Radeon
2057,Iris Xe
2058,UHD
2059,UHD
2060,Iris Xe
2061,"Radeon RX 6500M GPU, 4 GB"
2062,UHD
2063,GTX 1650
2064,Iris Xe
2065,Radeon
2066,RTX 3050
2067,UHD
2068,Radeon
2069,UHD
2070,Iris Xe
2071,UHD
2072,Integrated
2073,UHD
2074,Iris Xe
2075,Radeon
2076,Iris Xe
2077,Radeon
2078,Iris Xe
2079,Iris Xe
2080,UHD
2081,Iris Xe
2082,RTX 3050
2083,Iris Xe
2084,Iris Xe
2085,RTX 3060
2086,Iris Xe Graphics
2087,UHD
2088,Iris Xe
2089,RTX 3050
2090,RTX 3050
2091,Integrated
2092,UHD
2093,Integrated
2094,UHD
2095,UHD
2096,UHD
2097,Iris Xe
2098,RTX 3050
2099,RTX 3050
2100,Iris Xe
2101,Radeon RX Vega 10
2102,Iris Xe
2103,Radeon
2104,RTX 3050 Ti
2105,Integrated
2106,Radeon
2107,Radeon
2108,Iris Xe
2109,GTX 1650
2110,Radeon 610M
2111,UHD
2112,"Geforce MX330 GPU, 2 GB"
2113,GTX 1650
2114,UHD
2115,RTX 4050
2116,UHD
2117,RTX 3050
2118,Iris Xe
2119,Iris Xe
2120,Iris Xe
2121,Radeon
2122,UHD
2123,Iris Xe
2124,Iris Xe
2125,Radeon
2126,Iris Xe
2127,Iris Xe
2128,Iris Xe
2129,Radeon Graphics
2130,Iris Xe
2131,Radeon
2132,Radeon
2133,Radeon
2134,Radeon
2135,Integrated Iris Xe
2136,UHD
2137,RTX 3060
2138,Radeon
2139,Radeon
2140,Radeon
2141,Radeon
2142,Radeon
2143,Iris Xe
2144,Radeon
2145,RTX 3050
2146,RTX 3050
2147,nan
2148,RTX 3050
2149,RTX 2050
2150,RTX 3050
2151,Iris Xe
2152,RTX 2050
2153,nan
2154,RTX 4060
2155,Radeon
2156,Iris Xe
2157,Radeon
2158,Iris Xe
2159,Iris Xe
2160,UHD
2161,RTX 3060
2162,RTX 3050 Ti
2163,UHD
2164,GTX 1650
2165,UHD
2166,Radeon
2167,UHD
2168,Iris Xe
2169,GTX 1650
2170,UHD
2171,UHD
2172,Iris Xe
2173,UHD
2174,Iris Xe
2175,MX150
2176,Radeon
2177,Iris Xe
2178,UHD
2179,UHD
2180,GTX 1650
2181,"Geforce MX150 GPU, 2 GB"
2182,RTX 3060
2183,UHD
2184,MX550
2185,Iris Xe
2186,Integrated
2187,Iris Xe
2188,Iris Xe
2189,Iris Xe
2190,UHD
2191,RTX 4050
2192,Radeon
2193,RTX 3070
2194,RTX 3050 Ti
2195,Radeon
2196,MX450
2197,Iris Xe
2198,Radeon
2199,Integrated
2200,RTX 3050 Ti
2201,Radeon
2202,GTX 1650
2203,UHD
2204,M2 Pro
2205,RTX 3050
2206,GTX 1650
2207,Iris Xe
2208,RTX 3060
2209,Integrated
2210,UHD
2211,RTX 4060
2212,UHD
2213,GTX 1650
2214,Integrated
2215,RTX 3060
2216,MX350
2217,UHD
2218,"Geforce RTX 2060 with Max-Q Design GPU, 6 GB"
2219,UHD
2220,Iris Xe
2221,Iris Xe
2222,Iris Xe
2223,Iris Xe
2224,RTX 3050
2225,Radeon
2226,RTX 3050
2227,"Geforce MX230 GPU, 2 GB"
2228,Iris Xe
2229,UHD
2230,RTX 4060
2231,Iris Xe
2232,Iris Xe
2233,M2
2234,RTX 3060
2235,Iris Xe
2236,RTX 3050 Ti
2237,RTX 3060
2238,RTX 3050
2239,UHD
2240,UHD
2241,RTX 3060
2242,UHD
2243,UHD
2244,RTX 4050
2245,Radeon
2246,Integrated
2247,M2 Max
2248,MX550
2249,Radeon
2250,Iris Xe
2251,Radeon
2252,UHD
2253,Radeon
2254,UHD
2255,Radeon
2256,GTX 1650
2257,Iris Xe
2258,UHD
2259,RTX 3050
2260,Iris Xe
2261,Radeon Graphics
2262,RTX 4060
2263,RTX 3050
2264,RTX 3050
2265,Radeon Athlon 3000G
2266,Radeon Graphics
2267,RTX 3050
2268,RTX 3050
2269,RTX 3070
2270,Radeon
2271,RTX 2050
2272,"Radeon RX6550M GPU, 4 GB"
2273,HD 615
2274,"Radeon RX 6600M GPU, 8 GB"
2275,UHD
2276,UHD
2277,RTX 3060
2278,RTX 3050
2279,"Radeon RX 5500M GPU, 4 GB"
2280,GTX 1650
2281,UHD Graphics
2282,GTX 1650
2283,Iris Xe
2284,RTX 4060
2285,UHD
2286,RTX 3050
2287,UHD
2288,Iris Xe
2289,RTX 3050
2290,Radeon
2291,Radeon
2292,Iris Xe
2293,Iris Xe
2294,RTX 4070
2295,UHD
2296,MX250
2297,RTX 3050
2298,Iris Xe
2299,Radeon RX6700M
2300,RTX 2050
2301,Iris Xe
2302,GTX 1650
2303,Iris Xe
2304,RTX 3070
2305,Integrated
2306,RTX 3050 Ti
2307,Iris Xe
2308,Arc
2309,Iris Xe
2310,RTX 3050
2311,RTX 3050 Ti
2312,Iris Xe
2313,RTX 4050
2314,MX550
2315,Integrated
2316,Radeon
2317,UHD Graphics
2318,Iris Xe
2319,Radeon
2320,M2 Pro
2321,Iris Xe
2322,UHD 620
2323,Radeon 610M
2324,Iris Xe
2325,Iris Xe
2326,MX550
2327,"Arc A530M GPU, 4 GB"
2328,Iris Xe
2329,UHD
2330,Integrated
2331,GTX 1650
2332,RTX 3050
2333,Radeon Graphics
2334,Radeon
2335,Iris Xe
2336,"Quadro T550 GPU, 4 GB"
2337,"UHD GPU, 2 GB"
2338,RTX 4050
2339,Iris Xe
2340,RTX 4050
2341,RTX 3080
2342,MX350
2343,Integrated
2344,Integrated
2345,RTX 3060
2346,Iris Xe
2347,RTX 3060
2348,Integrated
2349,Radeon
2350,Iris Xe
2351,Iris Xe
2352,RTX 3070 Ti
2353,RTX 3060
2354,RTX 4050
2355,Iris Xe
2356,RTX 3050
2357,Iris Xe
2358,RTX 3070 Ti
2359,RTX 3070 Ti
2360,RTX 4060
2361,RTX 4090
2362,RTX 3050
2363,Iris Xe
2364,GTX 1650
2365,Iris Xe
2366,UHD
2367,Iris Xe
2368,RTX 4060
2369,Integrated
2370,Iris Xe
2371,Iris Xe
2372,Radeon
2373,Integrated
2374,RTX 3070 Ti
2375,Iris Xe
2376,Iris Xe
2377,RTX 3050 Ti
2378,UHD
2379,"Integrated GPU, 512 MB"
2380,GTX 1650
2381,RTX 3050 Ti
2382,"Radeon RX 6650M GPU, 8 GB"
2383,GTX 1650
2384,RTX 3050
2385,Iris Xe
2386,RTX 3050
2387,RTX 3050
2388,RTX 3060
2389,RTX 3050
2390,RTX 3060
2391,RTX 3060
2392,RTX 3070 Ti
2393,UHD
2394,GTX 1650 Ti
2395,"Quadro T600 GPU, 4 GB"
2396,"Quadro T1200 GPU, 4 GB"
2397,UHD
2398,GTX 1650 MAX Q
2399,RTX 2050
2400,Radeon
2401,GTX 1650
2402,GTX 1650
2403,Iris Xe
2404,UHD
2405,UHD
2406,Iris Xe
2407,RTX 3050
2408,UHD
2409,RTX 2050
2410,Iris Xe
2411,UHD
2412,UHD
2413,UHD
2414,Radeon Vega 8
2415,UHD Graphics
2416,GTX 1650
2417,UHD
2418,RTX 3050
2419,RTX 3050
2420,GTX 1650
2421,UHD 600
2422,RTX 3050
2423,Radeon
2424,RTX 3050
2425,UHD
2426,Radeon
2427,RTX 3050
2428,UHD
2429,UHD
2430,UHD
2431,RTX 3060
2432,Radeon
2433,RTX 3050
2434,Iris Xe
2435,Radeon
2436,Iris Xe Graphics
2437,Radeon 610M
2438,UHD
2439,UHD
2440,Iris Xe
2441,RTX 3050 Ti
2442,Iris Xe
2443,UHD
2444,Iris Xe
2445,UHD
2446,Integrated
2447,UHD
2448,UHD
2449,Radeon
2450,RTX 3050
2451,RTX 2050
2452,UHD
2453,RTX 4050
2454,RTX 2050
2455,Iris Xe
2456,Integrated
2457,UHD
2458,RTX 2050
2459,UHD
2460,RTX 2050
2461,RTX 2050
2462,Radeon
2463,RTX 4060
2464,Integrated
2465,UHD
2466,RTX 3060
2467,RTX 4060
2468,RTX 3060
2469,Arc
2470,RTX 4070
2471,RTX 3050
2472,RTX 2050
2473,RTX 3070 Ti
2474,RTX 4060
2475,UHD 620
2476,"Radeon RX 6500M  GPU, 4 GB"
2477,UHD
2478,MX550
2479,Iris Xe
2480,RTX 3060
2481,RTX 3050
2482,RTX 4090
2483,RTX 4070
2484,UHD
2485,RTX 3080 Ti
2486,Iris Xe
2487,RTX 4080
2488,Iris Xe
2489,MX570
2490,Iris Xe
2491,Iris Xe
2492,GTX 1070
2493,RTX 4080
2494,Iris Xe
2495,"Radeon RX 7600S GPU, 8 GB"
2496,Iris Xe
2497,RTX 4080
2498,RTX 4070
2499,RTX 4060
2500,Iris Xe
2501,RTX 4080
2502,RTX 4050
2503,Radeon 780M
2504,Iris Xe
2505,Integrated
2506,"Quadro T600 GPU, 4 GB"
2507,Iris Xe Graphics
2508,RTX 3060
2509,GTX 1650 MAX Q
2510,RTX 3050 Ti
2511,RTX 3060
2512,RTX 3060
2513,Iris Xe Graphics
2514,RTX 3080 Ti
2515,Arc
2516,"Geforce GTX 1660 Ti GPU, 6 GB"
2517,RTX 3050 Ti
2518,RTX 3050
2519,Arc
2520,RTX 3050 Ti
2521,RTX 4050
2522,RTX 2050
2523,RTX 4070
2524,Iris Xe
2525,Iris Xe
2526,RTX 4060
2527,RTX 4050
2528,Iris Xe
2529,Iris Xe
2530,RTX 4060
2531,Iris Xe
2532,Arc
2533,Arc
2534,Arc
2535,RTX 4070
2536,Iris Xe
2537,RTX 4060
2538,RTX 4080
2539,RTX 4050
2540,Iris Xe
2541,RTX 4080
2542,RTX 2050
2543,UHD
2544,UHD
2545,Iris Xe
2546,UHD
2547,RTX 4050
2548,Iris Xe
2549,Integrated
2550,UHD
2551,UHD
2552,Iris Xe
2553,Iris Xe
2554,RTX 4050
2555,Iris Xe
2556,Radeon
2557,Arc
2558,RTX 4060
2559,UHD 600
2560,Integrated
2561,Radeon 610M
2562,UHD
2563,RTX 4060
2564,Iris Xe
2565,Iris Xe
2566,Iris Xe
2567,Radeon
2568,Arc
2569,Iris Xe
2570,Arc
2571,RTX 3050
2572,Arc
2573,Arc
2574,UHD
2575,Radeon
2576,RTX 4080
2577,UHD
2578,UHD
2579,Iris Xe
2580,UHD
2581,RTX 4070
2582,UHD
2583,RTX 4050
2584,RTX 4070
2585,RTX 4060
2586,Iris Xe
2587,RTX 3050
2588,RTX 4070
2589,RTX 4060
2590,RTX 4070
2591,RTX 4060
2592,RTX 4070
2593,RTX 4080
2594,RTX 4070
2595,RTX 4050
2596,RTX 4090
2597,RTX 4060
2598,UHD 600
2599,Radeon
2600,Integrated
2601,RTX 4070
2602,RTX 4060
2603,RTX 4050
2604,Arc
2605,RTX 4050
2606,RTX 4060
2607,UHD
2608,RTX 4050
2609,Arc
2610,Radeon
2611,UHD
2612,RTX 3050
2613,RTX 4050
2614,Radeon
2615,UHD
2616,Radeon
2617,RTX 4060
2618,Iris Xe
2619,Radeon
2620,Iris Xe
2621,nan
2622,Iris Xe
2623,RTX 3050
2624,"RTX 3000 Ada GPU, 8 GB"
2625,nan
2626,UHD
2627,UHD
2628,"RTX A1000 GPU, 6 GB"
2629,Integrated
2630,HD
2631,Iris Xe
2632,Iris Xe
2633,Arc
2634,Iris Xe
2635,Arc
2636,RTX 4060
2637,RTX 4070
2638,RTX 3050
2639,RTX 4060
2640,RTX 4080
2641,RTX 4060
2642,RTX 4050
2643,Iris Xe
2644,Iris Xe
2645,Radeon 610M
2646,RTX 4050
2647,Arc
2648,RTX 4060
2649,RTX 4060
2650,RTX 4050
2651,RTX 4060
2652,RTX 4060
2653,Iris Xe
2654,RTX 4080
2655,nan
2656,RTX 3050
2657,RTX 4050
2658,Arc
2659,RTX 3050
2660,"Quadro T1200 GPU, 4 GB"
2661,RTX 2050
2662,RTX 4050
2663,Iris Xe
2664,RTX 4090
2665,RTX 4060
2666,RTX 2050
2667,RTX 4070
2668,RTX 2050
2669,RTX 2050
2670,Integrated
2671,RTX 2050
2672,RTX 3050
2673,RTX 3050
2674,RTX 3050
2675,RTX 2050
2676,Radeon
2677,RTX 4050
2678,Integrated
2679,RTX 3050
2680,RTX 3050
2681,Radeon
2682,Iris Xe
2683,Radeon
2684,Arc
2685,RTX 4060
2686,RTX 2050
2687,RTX 4050
2688,RTX 2050
2689,RTX 4050
2690,Integrated
2691,Radeon
2692,RTX 4060
2693,RTX 3050
2694,UHD
2695,Iris Xe
2696,UHD
2697,Iris Xe
2698,RTX 2050
2699,Iris Xe
2700,GTX 1650
2701,Iris Xe
2702,UHD
2703,Iris Xe
2704,RTX 2050
2705,Iris Xe
2706,RTX 3050
2707,Iris Xe
2708,UHD
2709,RTX 4060
2710,RTX 4050
2711,UHD
2712,RTX 3050
2713,RTX 4060
2714,UHD
2715,RTX 4050
2716,UHD
2717,Iris Xe
2718,Radeon
2719,RTX 3050
2720,RTX 3050
2721,RTX 4070
2722,Radeon
2723,Radeon
2724,GTX 1650
2725,RTX 3050
2726,Iris Xe
2727,Iris Xe
2728,Iris Xe
2729,Radeon
2730,RTX 4050
2731,Iris Xe
2732,Iris Xe
2733,Iris Xe
2734,RTX 3080 Ti
2735,Iris Xe
2736,UHD
2737,RTX 4050
2738,RTX 4050
2739,Iris Xe
2740,RTX 3070 Ti
2741,Iris Xe
2742,Iris Xe
2743,RTX 3050
2744,Iris Xe
2745,GTX 1650Ti
2746,MX 350
2747,Radeon
2748,Iris Xe
2749,MX550
2750,RTX 3070
2751,Iris Xe
2752,RTX 3080 Ti
2753,UHD Graphics
2754,RTX A2000
2755,Integrated
2756,Iris Xe
2757,"MX450 GPU, 2 GB"
2758,Iris Xe
2759,GTX 1650
2760,Integrated
2761,Integrated
2762,Iris Xe
2763,UHD Graphics
2764,Integrated
2765,Radeon Graphics
2766,UHD Graphics 620
2767,GTX 1650
2768,Integrated
2769,Iris Xe Graphics
2770,"Radeon RX 6600M GPU, 8 GB"
2771,RTX 3070 Ti
2772,Iris Xe
2773,Iris Xe
2774,Integrated
2775,Iris Xe
2776,RTX 3050 Ti
2777,MX330
2778,Iris Xe
2779,Radeon
2780,Iris Xe
2781,RTX 3050
2782,UHD
2783,Iris Xe
2784,GTX 1650
2785,MX450
2786,Iris Xe
2787,MX330
2788,UHD
2789,MX350
2790,UHD
2791,Mali-G72
2792,UHD
2793,MX250
2794,UHD 620
2795,UHD 620
2796,"Geforce MX250 GPU, 2 GB"
2797,UHD 620
2798,MX110
2799,UHD
2800,"Geforce MX110 GPU, 2 GB"
2801,RTX 2050
2802,GTX 1050Ti
2803,RTX 4050
2804,UHD
2805,Arc
2806,Integrated
2807,RTX 3050
2808,RTX 3050
2809,RTX 3050
2810,Iris Xe
2811,"T600 GPU, 4 GB"
2812,RTX 2050
2813,Arc
2814,UHD 600
2815,RTX 4050
2816,RTX 3050
2817,RTX 4050
2818,RTX 3050
2819,Iris Xe
2820,UHD
2821,Radeon 780M
2822,RTX 4050
2823,Arc
2824,Arc
2825,Integrated
2826,Radeon
2827,Iris Xe
2828,UHD 620
2829,UHD
2830,GTX 1650
2831,RTX 2050
2832,Iris Xe
2833,Radeon Graphics
2834,Radeon Vega 8
2835,Radeon
2836,UHD
2837,RTX 3060
2838,Radeon
2839,Iris Xe
2840,UHD 600
2841,RTX 3050
2842,Iris Xe
2843,RTX 3050
2844,RTX 3050
2845,Iris Xe
2846,Integrated
2847,RTX 3050
2848,Integrated
2849,Iris Xe
2850,MX570
2851,Radeon
2852,RTX 3050
2853,HD 500
2854,Iris Xe
2855,UHD
2856,"UHD GPU, 128 MB"
2857,UHD
2858,GTX 1660 Ti
2859,Integrated
2860,Iris Xe
2861,Radeon
2862,Iris Xe
2863,Integrated
2864,Radeon Vega 8
2865,Radeon R4
2866,UHD
2867,UHD
2868,UHD
2869,HD 400
2870,"Geforce MX110 GPU, 2 GB"
2871,UHD 620
2872,HD 620
2873,GTX 1650
2874,Radeon R5
2875,GTX 1660 Ti
2876,HD 520
2877,HD Graphics
2878,Iris X
2879,MX230
2880,Radeon
2881,MX130
2882,"Geforce MX130 GPU, 2 GB"
2883,"Geforce MX150 GPU, 2 GB"
2884,Radeon Vega 3
2885,Radeon R3
2886,RTX 3050
2887,UHD
2888,UHD 620
2889,Radeon
2890,UHD 620
2891,"Geforce 940MX GPU, 2 GB"
2892,UHD 620
2893,Radeon
2894,"Geforce GTX 1050 Ti GPU, 4 GB"
2895,UHD
2896,GTX 940MX
2897,Radeon R7
2898,HD 500
2899,UHD
2900,UHD 620
2901,RTX 3050 Ti
2902,HD 500
2903,GTX 1650
2904,Radeon Vega 6
2905,GTX 1050
2906,UHD 620
2907,"Radeon HD 520 GPU, 2 GB"
2908,RTX 3050
2909,UHD
2910,Iris Xe
2911,UHD 620
2912,MX150
2913,MX130
2914,RTX 3050
2915,Iris Xe
2916,HD 520
2917,HD 5500
2918,Radeon
2919,Iris Plus
2920,Radeon R2
2921,UHD
2922,"Geforce GTX 1650 GPU, 4 GB"
2923,Radeon R4 
2924,GTX 1060
2925,Radeon R5
2926,GTX 1060
2927,"Geforce GTX 1050 GPU, 2 GB"
2928,"Geforce GTX 1650 GPU, 4 GB"
2929,Radeon R2
2930,GT 940MX
2931,MX150
2932,UHD
2933,MX130
2934,HD 620
2935,HD 620
2936,MX150
2937,"Geforce MX150 GPU, 2 GB"
2938,"Geforce GTX 1050Ti GPU, 4 GB"
2939,Radeon Vega 3
2940,HD 5500
2941,UHD 620
2942,Iris Xe
2943,"Geforce GTX 1650 GPU, 4 GB"
2944,HD 520
2945,940MX
2946,HD 620
2947,UHD
2948,HD 520
2949,HD 620
2950,UHD 600
2951,Radeon R5
2952,HD 620
2953,Iris Xe
2954,HD 610
2955,HD 520
2956,Radeon Vega 8
2957,HD 620
2958,Radeon Vega 8
2959,Radeon R5
2960,UHD
2961,"Geforce GTX 1650 GPU, 4 GB"
2962,Radeon R5
2963,UHD
2964,UHD
2965,UHD
2966,UHD
2967,HD 620
2968,MX250
2969,HD 620
2970,HD 520
2971,UHD 605
2972,UHD 620
2973,UHD 620
2974,HD 620
2975,HD 520
2976,Radeon
2977,N16V-GMR1
2978,HD 620
2979,HD 520
2980,UHD
2981,"Geforce MX110 GPU, 2 GB"
2982,HD 620
2983,UHD 600
2984,HD 520
2985,HD 520
2986,UHD
2987,HD
2988,GTX 1050
2989,HD 620
2990,HD 405
2991,UHD 620
2992,Radeon R5
2993,"Geforce RTX 2060 GPU, 6 GB"
2994,HD Graphics
2995,Radeon Vega 8
2996,Radeon Vega 8
2997,GTX 1050
2998,GTX 1650 Max Q
2999,GTX 1050
3000,HD 620
3001,Radeon Vega 8
3002,UHD
3003,GTX 1650
3004,UHD 620
3005,HD 620
3006,UHD 620
3007,UHD
3008,"Geforce MX130 GPU, 2 GB"
3009,Radeon R4
3010,"Geforce MX130 GPU, 2 GB"
3011,HD 620
3012,HD 520
3013,"Geforce GTX 1650 GPU, 4 GB"
3014,GTX 1650
3015,GTX 1650
3016,HD 520
3017,UHD
3018,UHD 600
3019,Radeon
3020,HD Graphics
3021,Radeon Vega 8
3022,RTX 3050
3023,UHD
3024,Radeon Vega 8
3025,"Geforce GTX 1650 Ti` GPU, 4 GB"
3026,UHD
3027,UHD
3028,UHD 620
3029,"Geforce GTX 1650 GPU, 4 GB"
3030,Radeon
3031,UHD 
3032,Radeon Vega 8
3033,Radeon R5
3034,Integrated
3035,UHD 605
3036,UHD
3037,UHD
3038,Radeon R3
3039,"Radeon R5 M430 GPU, 4 GB"
3040,UHD
3041,GTX 1650
3042,HD 500
3043,"Geforce GTX 1650 GPU, 4 GB"
3044,"Radeon R5 M430 GPU, 2 GB"
3045,Iris Pro
3046,"Geforce GTX 1650 GPU, 4 GB"
3047,UHD 620
3048,Radeon R3
3049,"Geforce RTX 2060 GPU, 6 GB"
3050,UHD 620
3051,UHD 600
3052,UHD
3053,UHD
3054,Radeon
3055,"UHD GPU, 128 MB"
3056,UHD 620
3057,UHD
3058,GTX 1650
3059,GT 940MX
3060,Radeon Vega
3061,UHD
3062,Iris Xe
3063,MX230
3064,HD 505
3065,Iris Xe
3066,Radeon R2
3067,GTX 1650
3068,"Geforce GTX 1650 Ti GPU, 4 GB"
3069,UHD
3070,M1
3071,HD Graphics
3072,"Geforce GTX 1650 GPU, 4 GB"
3073,HD 505
3074,"Geforce GTX 1650 Ti GPU, 4 GB"
3075,GTX 1650 Max Q
3076,GTX 1650
3077,Radeon Vega 3
3078,Radeon Vega 3
3079,Radeon Vega 3
3080,UHD 620
3081,RTX 3050
3082,RTX 3050
3083,Radeon Vega
3084,GTX 1650
3085,"Geforce GTX 1650 Ti GPU, 4 GB"
3086,HD
3087,HD 620
3088,"Geforce GTX 1650 Ti GPU, 4 GB"
3089,MX450
3090,GTX 1650
3091,"Geforce GTX 1650 GPU, 4 GB"
3092,HD 500
3093,HD 500
3094,UHD
3095,HD 620
3096,UHD 620
3097,UHD
3098,HD 620
3099,GTX 1060
3100,UHD
3101,UHD 620
3102,UHD
3103,UHD 600
3104,UHD
3105,UHD 620
3106,RTX 3050
3107,HD 620
3108,RTX 2060
3109,HD 500
3110,"Radeon 530 GPU, 2 GB"
3111,UHD 620
3112,Integrated Graphics
3113,HD Graphics
3114,Radeon
3115,UHD
3116,GTX 1650
3117,RTX 3050
3118,Radeon R2
3119,MX130
3120,"Geforce MX130 GPU, 2 GB"
3121,UHD 620
3122,Radeon
3123,"Radeon R5 M430 GPU, 2 GB"
3124,UHD
3125,UHD
3126,"Radeon RX 6600M GPU, 8 GB"
3127,Radeon R7
3128,UHD
3129,Radeon Vega 8
3130,"Radeon RX 6600M GPU, 8 GB"
3131,GTX 1060
3132,"Geforce GTX 1650 Ti GPU, 4 GB"
3133,UHD 620
3134,GTX 1650
3135,Radeon
3136,"Radeon 520 GPU, 2 GB"
3137,UHD
3138,UHD
3139,"Geforce GTX 1650 GPU, 4 GB"
3140,"Geforce MX 150 GPU, 2 GB"
3141,HD 620
3142,"Radeon 530 GPU, 4 GB"
3143,UHD
3144,"Radeon 520 GPU, 2 GB"
3145,UHD
3146,Radeon Vega
3147,UHD
3148,GTX 1650 Ti Max Q
3149,UHD
3150,Iris X
3151,UHD
3152,Iris Xe
3153,Iris Plus
3154,MX230
3155,UHD
3156,Iris Xe
3157,UHD 620
3158,UHD
3159,UHD
3160,RTX 3060
3161,UHD
3162,RTX 3050
3163,"Geforce 940MX GPU, 2 GB"
3164,820M
3165,UHD
3166,Radeon Vega 8
3167,Radeon
3168,Radeon R4
3169,HD 620
3170,Radeon Vega 8
3171,Iris Xe
3172,Iris Xe
3173,UHD
3174,GTX 3050
3175,GTX 1650
3176,940MX
3177,940MX
3178,Radeon Vega 8
3179,"Radeon R7 M260 GPU, 2 GB"
3180,940MX
3181,HD 620
3182,HD 620
3183,Iris Xe
3184,HD 610
3185,MX150
3186,UHD 617
3187,UHD
3188,Radeon R2
3189,UHD
3190,UHD 620
3191,"Geforce GTX 1650 Ti with Max-Q GPU, 4 GB"
3192,MX350
3193,"Geforce MX250 GPU, 2 GB"
3194,GTX 940MX
3195,GTX 1650
3196,920MX
3197,UHD
3198,GTX 1050
3199,UHD
3200,UHD 600
3201,HD 610
3202,HD 500
3203,Radeon R5
3204,UHD
3205,HD 615
3206,UHD 620
3207,UHD
3208,UHD 620
3209,GTX 1050
3210,UHD
3211,UHD 617
3212,HD 620
3213,UHD
3214,920MX
3215,UHD
3216,Iris Xe
3217,UHD 620
3218,RTX 3050
3219,"Geforce GTX 1650Ti GPU, 4 GB"
3220,GTX 1060
3221,UHD 617
3222,UHD
3223,Iris Xe
3224,"Geforce GTX 1050Ti GPU, 4 GB"
3225,"Geforce GTX 1650 GPU, 4 GB"
3226,RTX 3060
3227,HD 615
3228,Iris Xe
3229,HD 620
3230,UHD
3231,"Geforce GTX 1650 GPU, 4 GB"
3232,GTX 960M
3233,MX110
3234,"Geforce GTX 1650 GPU, 4 GB"
3235,UHD
3236,UHD 620
3237,UHD
3238,GTX 1650
3239,UHD
3240,"Geforce 940MX GPU, 2 GB"
3241,UHD
3242,"Radeon RX 5500M GPU, 4 GB"
3243,"Geforce MX110 GPU, 2 GB"
3244,Radeon R2
3245,Iris Plus
3246,HD 620
3247,"Radeon 530 GPU, 2 GB"
3248,Iris Xe
3249,RTX 4050
3250,"Geforce GT 820M GPU, 2 GB"
3251,GTX 1650
3252,Radeon Vega 6
3253,RTX 3050
3254,940MX
3255,RTX 3050
3256,UHD 605
3257,"Geforce GTX 1650 GPU, 4 GB"
3258,RTX 3050
3259,RTX 3050
3260,RTX 3050
3261,RTX 3060
3262,Iris Xe
3263,940MX
3264,UHD 620
3265,HD 500
3266,GTX 1650
3267,Iris Xe
3268,"Geforce GTX 1650 Ti GPU, 4 GB"
3269,RTX 3050
3270,920MX
3271,RTX 2060
3272,Iris Xe
3273,UHD 620
3274,HD
3275,"R5 M230 GPU, 2 GB"
3276,Iris Xe
3277,"Geforce MX130 GPU, 2 GB"
3278,UHD 620
3279,UHD
3280,HD 520
3281,MX150 
3282,HD 620
3283,UHD
3284,UHD 620
3285,Radeon R4
3286,HD 520
3287,940MX
3288,GTX 1050
3289,UHD 620
3290,HD 500
3291,UHD
3292,RTX 3050
3293,UHD
3294,Iris Xe
3295,Radeon Vega 3
3296,HD 610
3297,Radeon Vega 3
3298,Iris Xe
3299,UHD 620
3300,UHD
3301,UHD
3302,GTX 1650
3303,Iris Xe
3304,"Geforce GTX 1050 GPU, 4 GB"
3305,RTX 3060
3306,"Radeon R5 M430 GPU, 2 GB"
3307,Radeon R4
3308,Iris Plus
3309,Iris Xe
3310,GeForce 920M
3311,UHD
3312,GTX 1050Ti
3313,UHD
3314,Radeon Vega 8
3315,HD 620
3316,UHD
3317,HD 515
3318,MX230
3319,Radeon R4
3320,Iris Plus Graphics 645
3321,RTX 3050
3322,GTX 1650
3323,HD 620
3324,Radeon
3325,MX250
3326,"Geforce GTX 1660 Ti GPU, 6 GB"
3327,GTX 1050
3328,Iris Plus
3329,Iris Xe
3330,Iris Xe
3331,HD Graphics
3332,UHD
3333,RTX 3070
3334,"Geforce GTX 1660 Ti GPU, 6 GB"
3335,Iris Xe
3336,UHD
3337,"Geforce MX130 GPU, 2 GB"
3338,UHD 600
3339,Iris Plus 655
3340,HD 500
3341,"Geforce MX230 GPU, 2 GB"
3342,Iris Xe
3343,Radeon Vega
3344,"Geforce GTX 1650 Ti GPU, 4 GB"
3345,UHD
3346,Radeon
3347,"Radeon 520 GPU, 2 GB"
3348,Integrated
3349,UHD
3350,Radeon R2
3351,Iris Plus 640
3352,Radeon
3353,Radeon R2
3354,UHD 620
3355,UHD 600
3356,HD 620
3357,Radeon R5
3358,RTX 3050
3359,MX330
3360,UHD
3361,Radeon Vega 3
3362,Radeon Vega 3
3363,GTX 1650
3364,UHD
3365,HD 620
3366,UHD 600
3367,"Geforce 940MX GPU, 2 GB"
3368,UHD 600
3369,UHD
3370,Iris Xe
3371,Iris Xe
3372,"Geforce GTX 1650 GPU, 4 GB"
3373,UHD
3374,"Radeon Pro 5500M GPU, 4 GB"
3375,Iris Xe
3376,HD 615
3377,GTX 1650
3378,MX150
3379,MX450
3380,MX250
3381,"Geforce GTX 1050Ti GPU, 4 GB"
3382,UHD
3383,HD 405
3384,RTX 3050 Ti
3385,GTX 1050 
3386,GTX 1650
3387,Radeon Vega 8
3388,"Geforce MX150 GPU, 2 GB"
3389,Radeon
3390,"Geforce GTX 1050Ti GPU, 4 GB"
3391,MX330
3392,GTX 1650
3393,HD 620
3394,HD
3395,Radeon Vega 8
3396,GTX 960M
3397,GT 940MX
3398,"Geforce GTX 1650 Ti GPU, 4 GB"
3399,UHD
3400,Radeon
3401,Iris Xe
3402,UHD 620
3403,UHD 600
3404,Radeon
3405,UHD 620
3406,Radeon R7
3407,Iris Xe
3408,GTX 1650
3409,"Radeon 530 GPU, 2 GB"
3410,UHD
3411,UHD 620
3412,Iris Xe
3413,MX150
3414,"Geforce MX150 GPU, 2 GB"
3415,RTX 3050 Ti
3416,Radeon Vega 3
3417,Radeon Vega 8
3418,HD 620
3419,HD
3420,UHD 620
3421,Radeon
3422,GTX 1650
3423,HD 5300
3424,UHD 605 
3425,"Geforce GTX 1650 GPU, 4 GB"
3426,UHD
3427,"Radeon 520 GPU, 2 GB"
3428,UHD 620
3429,UHD
3430,Radeon RX Vega 10
3431,"Geforce GTX 1660 Ti GPU, 6 GB"
3432,Radeon R5
3433,"Geforce GTX 1050 GPU, 4 GB"
3434,RTX 3050
3435,"Geforce MX130 GPU, 2 GB"
3436,Radeon Vega 8
3437,Radeon
3438,UHD
3439,HD Graphics
3440,Radeon RX Vega 6
3441,HD 620
3442,Iris Plus Graphics 655
3443,UHD
3444,HD Graphics
3445,"Geforce GTX 1660 Ti GPU, 6 GB"
3446,Iris Xe
3447,RTX 2080
3448,UHD
3449,MX330
3450,Radeon Vega 8
3451,UHD
3452,UHD 620
3453,GTX 1650
3454,Radeon Vega 8
3455,Radeon R4
3456,UHD
3457,UHD
3458,HD 
3459,UHD
3460,MX350
3461,UHD Graphics
3462,Radeon R2
3463,GTX 1650
3464,"Radeon R7 M440 GPU, 2 GB"
3465,920MX
3466,HD
3467,Radeon
3468,"Geforce 940M GPU, 2 GB"
3469,UHD
3470,HD 520
3471,UHD 620
3472,930M
3473,Radeon Vega 3
3474,RTX 3050
3475,Radeon R4
3476,Radeon Vega 8
3477,UHD
3478,HD
3479,HD
3480,920M
3481,HD 5500
3482,Radeon
3483,UHD
3484,GTX 1650
3485,Iris graphics
3486,Radeon Vega 8
3487,"Radeon HD 8570M GPU, 2 GB"
3488,RTX 3050
3489,RTX 3050
3490,"Radeon R5 M430 GPU, 2 GB"
3491,R5
3492,930M
3493,"Radeon Pro 450 GPU, 2 GB"
3494,"Radeon HD 8670M GPU, 2 GB"
3495,UHD
3496,UHD 620
3497,820M
3498,"Geforce GTX 1650 Ti GPU, 4 GB"
3499,840M
3500,HD 4400
3501,"Radeon HD R7 M265 GPU, 2 GB"
3502,Radeon R2
3503,UHD
3504,HD Graphics
3505,UHD
3506,UHD 620
3507,830M
3508,HD 520
3509,RTX 3060
3510,"Radeon HD 8670M GPU, 1 GB"
3511,GTX 1060
3512,HD 4400
3513,UHD
3514,HD 4000
3515,HD 520
3516,830M
3517,HD 4000
3518,940M
3519,830M
3520,"Geforce GTX 1650 GPU, 4 GB"
3521,HD 620
3522,HD Graphics
3523,RTX 3060
3524,930MX
3525,HD 520
3526,HD
3527,830M
3528,GT 740M
3529,GTX 850M
3530,UHD
3531,HD 5500
3532,HD
3533,RTX 3060
3534,"Radeon HD 520 GPU, 2 GB"
3535,HD
3536,RTX 2080
3537,GTX 1050Ti
3538,MX450
3539,Iris Xe
3540,HD 4400
3541,UHD
3542,HD 4000
3543,GTX 1050
3544,RTX 3060
3545,UHD
3546,RTX 3060
3547,GT 820M
3548,RTX 3080
3549,GTX 1060
3550,"Radeon RX 580 GPU, 4 GB"
3551,RTX 3060
3552,RTX 3060
3553,RTX 3060
3554,RTX 3080
3555,RTX 3050 Ti
3556,UHD 620
3557,Radeon
3558,Radeon R2
3559,HD 620
3560,Radeon
3561,Iris Xe
3562,UHD
3563,UHD 620
3564,940MX
3565,UHD
3566,Iris Plus
3567,Radeon Vega 8
3568,Iris Xe
3569,GTX 1650
3570,UHD 620
3571,RTX 3060
3572,Radeon Vega 3
3573,HD 620
3574,Radeon R5
3575,UHD
3576,"Geforce GTX 1650 GPU, 4 GB"
3577,MX110
3578,RTX 4060
3579,UHD 605
3580,Iris Xe
3581,"Geforce 940M GPU, 2 GB"
3582,HD
3583,HD 520
3584,Iris Xe
3585,Integrated
3586,Radeon R4
3587,HD 520
3588,Iris Xe
3589,GTX 1050
3590,UHD 620
3591,HD 620
3592,HD 620
3593,UHD 600
3594,UHD 620
3595,HD Graphics
3596,UHD
3597,Radeon Vega 8
3598,MX110
3599,"Pro 555X GPU, 4 GB"
3600,GTX 1050
3601,"Geforce MX130 GPU, 2 GB"
3602,HD 520
3603,UHD 620
3604,UHD
3605,"Iris Xe Max GPU, 4 GB"
3606,HD 520
3607,GTX 1050TI
3608,UHD
3609,UHD
3610,HD 520
3611,MX350
3612,UHD
3613,Radeon
3614,"Geforce MX250 GPU, 2 GB"
3615,920MX 
3616,Iris Xe
3617,MX350
3618,MX450
3619,UHD 620
3620,"Geforce GTX 1650 GPU, 4 GB"
3621,Radeon R4
3622,UHD
3623,Iris Xe
3624,RTX 3050
3625,Iris Xe
3626,RTX 3060
3627,UHD 620
3628,HD 620
3629,Iris Xe
3630,Radeon
3631,"Radeon 520 GPU, 2 GB"
3632,UHD
3633,Iris Xe
3634,UHD
3635,RTX 3050
3636,1650 Ti
3637,940 MX
3638,"Radeon 520 GPU, 2 GB"
3639,RTX 3050
3640,GTX 1660 Ti
3641,940MX
3642,SQ1 Adreno 685 GPU
3643,Iris Xe
3644,RTX 3070
3645,Radeon
3646,"Geforce GTX 860M GPU, 2 GB"
3647,Iris Xe
3648,GTX 1060
3649,RTX 3050
3650,UHD 620
3651,"Geforce GTX 1660 Ti GPU, 6 GB"
3652,UHD 620
3653,HD 620
3654,UHD
3655,UHD
3656,UHD 620
3657,"Iris Xe GPU, 4 GB"
3658,"Radeon RX 5600M GPU, 6 GB"
3659,Radeon Vega 8
3660,Radeon R5
3661,RTX 3050
3662,UHD 620
3663,UHD
3664,RTX 3050
3665,HD 520
3666,HD 620
3667,MX130
3668,RTX 3050
3669,GTX 1050
3670,RTX 2060
3671,RTX A1000
3672,Radeon
3673,GTX 1650
3674,UHD
3675,"Geforce MX150 GPU, 2 GB"
3676,UHD
3677,"Geforce MX250 GPU, 2 GB"
3678,"Radeon 530 GPU, 2 GB"
3679,Iris Xe
3680,GTX 1050
3681,"Radeon 530 GPU, 2 GB"
3682,UHD
3683,UHD
3684,GTX 1050
3685,"Geforce MX250 GPU, 2 GB"
3686,MX450
3687,Radeon R2
3688,Radeon
3689,UHD Graphics
3690,UHD
3691,Iris Xe
3692,UHD
3693,Radeon R5
3694,"Geforce MX150 GPU, 2 GB"
3695,RTX 3050
3696,Iris Xe
3697,UHD
3698,GTX 1050T
3699,"Pro 555X GPU, 4 GB"
3700,UHD
3701,UHD 605
3702,"Radeon R5 M430 GPU, 2 GB"
3703,"Geforce GTX 1070 GPU, 8 GB"
3704,Iris Xe
3705,Radeon
3706,920MX
3707,HD 520
3708,MX230
3709,"Geforce RTX 2060 with Max-Q Design GPU, 6 GB"
3710,Radeon R4
3711,"Radeon 530 GPU, 4 GB"
3712,"Geforce MX250 GPU, 2 GB"
3713,UHD
3714,"Geforce RTX 2070 Super GPU, 8 GB"
3715,MX250
3716,UHD 620
3717,MX230
3718,Iris Plus
3719,Radeon R5
3720,MX110
3721,UHD
3722,GTX 1660 Ti
3723,MX110
3724,"Geforce GTX 1050Ti GPU, 4 GB"
3725,Radeon Vega 6
3726,MX150
3727,RTX 3070
3728,HD 4400
3729,"Geforce GTX 1660 Ti GPU, 6 GB"
3730,RTX 3050
3731,"Radeon HD 8670M GPU, 2 GB"
3732,Integrated UHD
3733,"Radeon R5 M330 GPU, 2 GB"
3734,RTX 3060
3735,UHD
3736,UHD
3737,UHD
3738,"Geforce MX130 GPU, 2 GB"
3739,HD Graphics 620
3740,UHD
3741,Iris Xe
3742,HD 620
3743,GTX 1650
3744,"Geforce GTX 1650 GPU, 4 GB"
3745,RTX 2060
3746,Iris Xe
3747,UHD 620
3748,Radeon
3749,MX250
3750,RTX 3070
3751,MX250
3752,Iris Xe
3753,UHD 620
3754,UHD 620
3755,MX450
3756,GTX 1650
3757,UHD
3758,UHD
3759,HD 400
3760,Radeon
3761,Radeon
3762,Iris Xe
3763,"Geforce RTX 2060 GPU, 6 GB"
3764,Iris Xe
3765,UHD 600
3766,"Geforce GTX 1650 Ti GPU, 4 GB"
3767,RTX 2080
3768,MX350
3769,UHD 620
3770,Radeon
3771,"Radeon 535 GPU, 2 GB"
3772,830M
3773,UHD 620
3774,UHD 600
3775,MX350
3776,GTX 1650
3777,Iris Xe
3778,RTX 3060
3779,MX130
3780,"Geforce MX130 GPU, 2 GB"
3781,Radeon
3782,HD 4400
3783,RTX 3070
3784,UHD
3785,Iris Xe
3786,GTX 1660
3787,UHD 620
3788,UHD 605 
3789,"Geforce GT 940MX GPU, 2 GB"
3790,Iris Plus
3791,Radeon
3792,UHD 620
3793,HD 4400
3794,Iris Xe
3795,Radeon Vega 8
3796,HD 520
3797,MX450
3798,MX350
3799,GTX 1050
3800,UHD 600
3801,"Geforce GTX 1650 GPU, 4 GB"
3802,GT 940MX
3803,"Geforce GTX MX330 GPU, 2 GB"
3804,"Geforce RTX 2060 GPU, 6 GB"
3805,Iris Xe
3806,"Geforce RTX 2070 GPU, 8 GB"
3807,UHD 620
3808,RTX 3060
3809,Integrated
3810,UHD
3811,Iris Xe
3812,UHD 605
3813,RTX 3060
3814,GTX 1050
3815,830M
3816,Radeon
3817,Iris Xe
3818,Radeon
3819,UHD 620
3820,MX350
3821,Integrated
3822,UHD
3823,MX130
3824,940MX
3825,UHD
3826,GTX 1650
3827,Radeon R2
3828,Iris X
3829,"Geforce MX150 GPU, 2 GB"
3830,GTX 1060
3831,Radeon R3
3832,UHD 620
3833,UHD
3834,UHD 600
3835,MX110
3836,UHD
3837,Integrated
3838,HD 520
3839,Iris Xe
3840,HD 520
3841,Radeon
3842,RTX 3070 Ti
3843,UHD
3844,HD 620
3845,Radeon Vega 8
3846,UHD
3847,GTX 1050
3848,Radeon R2
3849,Integrated
3850,RTX 3050
3851,HD 520
3852,RTX 3070 Ti
3853,Iris Xe
3854,MX350
3855,Iris Xe
3856,Radeon RX Vega 6
3857,UHD
3858,RTX 3070
3859,Radeon
3860,"Geforce RTX 2080 with Max-Q GPU, 8 GB"
3861,UHD 600
3862,RTX 3050
3863,"Geforce GTX 1050 GPU, 4 GB"
3864,Iris Xe
3865,UHD
3866,RTX 3060
3867,Radeon R5
3868,UHD
3869,RTX 3070 Ti
3870,Radeon
3871,Radeon
3872,UHD
3873,MX230
3874,"Radeon RX640 GPU, 2 GB"
3875,UHD 620
3876,UHD
3877,UHD 620
3878,UHD 620
3879,"Radeon RX 640 GPU, 2 GB"
3880,UHD
3881,820M
3882,MX150
3883,Radeon RX Vega 5
3884,RTX 2060
3885,Radeon
3886,820M
3887,Iris Xe
3888,HD
3889,HD 620
3890,MX450
3891,UHD
3892,RTX 2060
3893,Radeon
3894,Iris Xe
3895,Iris Xe
3896,RTX 3050
3897,"Geforce RTX 2080 GPU, 8 GB"
3898,"Radeon RX 6700S GPU, 8 GB"
3899,HD Graphics
3900,"Geforce GTX 1060 GPU, 6 GB"
3901,UHD
3902,UHD 620
3903,920M
3904,RTX 4050
3905,Integrated
3906,"Geforce GTX 1660 Ti GPU, 6 GB"
3907,UHD
3908,RTX 2060
3909,MX230
3910,Radeon RX Vega 7 
3911,UHD
3912,RTX 3050 Ti
3913,"Geforce MX150 GPU, 2 GB"
3914,RTX 2060
3915,Radeon Vega 8
3916,RTX 4050
3917,GTX 1650 Ti
3918,"EXO PRO R5 M330 GPU, 2 GB"
3919,HD 615
3920,930M
3921,GeForce MX230
3922,RTX 2060
3923,MX550
3924,"Geforce 940MX GPU, 2 GB"
3925,Radeon
3926,"Geforce Gt 940MX GPU, 2 GB"
3927,RTX 2060
3928,UHD 620
3929,Integrated
3930,Iris Xe
3931,UHD 620
3932,UHD 620
3933,RTX 3070
3934,HD 4400
3935,Radeon
3936,HD 520
3937,UHD 620
3938,UHD
3939,"Geforce MX110 GPU, 2 GB"
3940,UHD
3941,UHD
3942,RTX 3070
3943,RTX 4070
3944,RTX 3060
3945,Iris Xe
3946,UHD
3947,MX150
3948,RTX 3070
3949,HD 620
3950,Radeon Vega 8
3951,Iris Xe
3952,RTX 2080
3953,UHD
3954,"Geforce RTX 2060 GPU, 6 GB"
3955,RTX 2060
3956,"Geforce RTX 2080 Super GPU, 8 GB"
3957,HD 620
3958,RTX 2080
3959,Iris Xe
3960,"Geforce MX230 GPU, 2 GB"
3961,UHD
3962,"Geforce GTX 1050Ti GPU, 4 GB"
3963,"Geforce MX150 GPU, 2 GB"
3964,UHD
3965,"Geforce RTX 2080 Super GPU, 8 GB"
3966,MX150
3967,RTX 3050 Ti
3968,UHD
3969,RTX 3050
3970,"Geforce GTX 1070 GPU, 8 GB"
3971,"Geforce MX150 GPU, 2 GB"
3972,UHD
3973,RTX 3050
3974,GTX 1650
3975,"Geforce GTX 1650 GPU, 4 GB"
